2025-08-13 03:26:31.024831+00:00,smithery-gmail,smithery,b0a4d356a6720c11777d4f58e24e363fdaf4ec592aad892905970decf2396da1,4352e917d80381911d565162cfdce6b3ed389282192a13cc4c34445fa9fde376,"[""tools""]"
2025-08-13 03:27:34.818395+00:00,smithery-gmail,smithery,4352e917d80381911d565162cfdce6b3ed389282192a13cc4c34445fa9fde376,b0a4d356a6720c11777d4f58e24e363fdaf4ec592aad892905970decf2396da1,"[""tools""]"
2025-08-13 03:29:13.623485+00:00,smithery-gmail,smithery,b0a4d356a6720c11777d4f58e24e363fdaf4ec592aad892905970decf2396da1,4352e917d80381911d565162cfdce6b3ed389282192a13cc4c34445fa9fde376,"[""tools""]"
2025-08-13 03:32:36.432336+00:00,opentools-gmail,opentools,65659db2330bf81b5ae584713e1cebf634b1ef005ac77081621a7b1e7ac86223,ac5dc16c8ca71022143b239376cb64519be998e51913b15845ab919d12805be2,"[""tools""]"
2025-08-13 03:32:36.433117+00:00,opentools-drive,opentools,4c05dda29f3f3f8b79616cbeae7d7ddf8292d1f01350eb8689597896609b604c,3af3811e6ddc2c43bf0f9f049ca7b49785e3e472f25151e7a380028b8540bae4,"[""tools""]"
2025-08-13 03:32:36.433499+00:00,opentools-sheets,opentools,771497f7938765c44eeaad94551326313f5c1fc6d3263b9e6bb6c61db574dde0,f5524e85a174fc24ae0fb643f75968e1e665f3cbe1831e6207c8ada8aa510c97,"[""tools""]"
2025-08-13 03:32:36.433849+00:00,opentools-calendar,opentools,d0e0e4a4a6e0062ac7275d720a562dabf7dd10d1901e95ca34c092dc7b209198,0adfd663840b6b85835d0ef8b66390c0027ad30aca3e810669e9c731fe4b8d63,"[""tools""]"
2025-08-13 03:32:36.434175+00:00,opentools-slack,opentools,c2b8b7c67a97bbc385744c7f2e0d46c056748a3a5e2e13731cfcb647f72243c9,5f619ff019eb3d970f69dc341f26b8e0874ae673186762df8e07de627cd1f438,"[""tools""]"
2025-08-13 03:32:36.434545+00:00,opentools-github,opentools,27962497e4875b3ffbb77efb8b43162a68e95c43de3ec4480e4f62605d3351b8,5a5590dea5ade90b1aea68140f196d2c9ce0e0b7efe9aff7c561131654e5d1ab,"[""tools""]"
2025-08-13 04:13:26.380615+00:00,smithery-gmail,smithery,4352e917d80381911d565162cfdce6b3ed389282192a13cc4c34445fa9fde376,b0a4d356a6720c11777d4f58e24e363fdaf4ec592aad892905970decf2396da1,"[""tools""]"
2025-08-13 04:13:26.381621+00:00,opentools-gmail,opentools,ac5dc16c8ca71022143b239376cb64519be998e51913b15845ab919d12805be2,65659db2330bf81b5ae584713e1cebf634b1ef005ac77081621a7b1e7ac86223,"[""tools""]"
2025-08-13 05:17:05.028675+00:00,smithery-gmail,smithery,b0a4d356a6720c11777d4f58e24e363fdaf4ec592aad892905970decf2396da1,4352e917d80381911d565162cfdce6b3ed389282192a13cc4c34445fa9fde376,"[""tools""]"
2025-08-13 05:17:05.031069+00:00,opentools-gmail,opentools,65659db2330bf81b5ae584713e1cebf634b1ef005ac77081621a7b1e7ac86223,ac5dc16c8ca71022143b239376cb64519be998e51913b15845ab919d12805be2,"[""tools""]"
2025-08-13 06:04:00.882869+00:00,smithery-gmail,smithery,4352e917d80381911d565162cfdce6b3ed389282192a13cc4c34445fa9fde376,b0a4d356a6720c11777d4f58e24e363fdaf4ec592aad892905970decf2396da1,"[""tools""]"
2025-08-13 06:04:00.883786+00:00,opentools-gmail,opentools,ac5dc16c8ca71022143b239376cb64519be998e51913b15845ab919d12805be2,65659db2330bf81b5ae584713e1cebf634b1ef005ac77081621a7b1e7ac86223,"[""tools""]"
2025-08-13 06:04:12.355717+00:00,smithery-gmail,smithery,b0a4d356a6720c11777d4f58e24e363fdaf4ec592aad892905970decf2396da1,4352e917d80381911d565162cfdce6b3ed389282192a13cc4c34445fa9fde376,"[""tools""]"
2025-08-13 06:04:12.357761+00:00,opentools-gmail,opentools,65659db2330bf81b5ae584713e1cebf634b1ef005ac77081621a7b1e7ac86223,ac5dc16c8ca71022143b239376cb64519be998e51913b15845ab919d12805be2,"[""tools""]"
2025-08-13 15:40:45.065872+00:00,smithery-gmail,smithery,4352e917d80381911d565162cfdce6b3ed389282192a13cc4c34445fa9fde376,b0a4d356a6720c11777d4f58e24e363fdaf4ec592aad892905970decf2396da1,"[""tools""]"
2025-08-13 15:40:45.066480+00:00,opentools-gmail,opentools,ac5dc16c8ca71022143b239376cb64519be998e51913b15845ab919d12805be2,65659db2330bf81b5ae584713e1cebf634b1ef005ac77081621a7b1e7ac86223,"[""tools""]"
2025-08-13 15:52:55.987104+00:00,smithery-gmail,smithery,b0a4d356a6720c11777d4f58e24e363fdaf4ec592aad892905970decf2396da1,4352e917d80381911d565162cfdce6b3ed389282192a13cc4c34445fa9fde376,"[""tools""]"
2025-08-13 15:52:55.989430+00:00,opentools-gmail,opentools,65659db2330bf81b5ae584713e1cebf634b1ef005ac77081621a7b1e7ac86223,ac5dc16c8ca71022143b239376cb64519be998e51913b15845ab919d12805be2,"[""tools""]"
2025-08-13 16:26:30.540336+00:00,smithery-gmail,smithery,4352e917d80381911d565162cfdce6b3ed389282192a13cc4c34445fa9fde376,b0a4d356a6720c11777d4f58e24e363fdaf4ec592aad892905970decf2396da1,"[""tools""]"
2025-08-13 16:26:30.541263+00:00,opentools-gmail,opentools,ac5dc16c8ca71022143b239376cb64519be998e51913b15845ab919d12805be2,65659db2330bf81b5ae584713e1cebf634b1ef005ac77081621a7b1e7ac86223,"[""tools""]"
2025-08-13 16:28:30.980601+00:00,smithery-gmail,smithery,b0a4d356a6720c11777d4f58e24e363fdaf4ec592aad892905970decf2396da1,4352e917d80381911d565162cfdce6b3ed389282192a13cc4c34445fa9fde376,"[""tools""]"
2025-08-13 16:28:30.982101+00:00,opentools-gmail,opentools,65659db2330bf81b5ae584713e1cebf634b1ef005ac77081621a7b1e7ac86223,ac5dc16c8ca71022143b239376cb64519be998e51913b15845ab919d12805be2,"[""tools""]"
